아이시스 8.0 샘물 [2L] PET,2000,262,131
스파클 먹는샘물 [500ml],500,95,190
스파클 먹는샘물 [18.9L],18900,780,41.26984127
스파클 먹는 샘물 2.0L,2000,285,142.5
풀무원 by NATURE [500ml],500,92,184
풀무원 by NATURE [2L],2000,258,129
휘오 철원 순수 500ml,500,92,184
휘오 철원 순수 2L,2000,281,140.5
휘오 순수 500ml,500,87,174
휘오 순수 2L,2000,248,124
강원 평창수 2L,2000,247,123.5
홈플러스 좋은상품 얼음골샘물[500ml],500,161,322
홈플러스 좋은상품 얼음골샘물[2L],2000,371,185.5
홈플러스 좋은상품 맑은샘물[500ml],500,112,224
홈플러스 좋은상품 맑은샘물[500ml],500,115,230
홈플러스 좋은상품 맑은샘물[2L],2000,304,152
홈플러스 좋은상품 맑은샘물[2L],2000,238,119
초이스웰 샘물[500ml],500,111,222
초이스웰 샘물[500ml],500,96,192
초이스웰 샘물[2L],2000,298,149
초이스웰 샘물[2L],2000,252,126
초이스웰 샘물500ml 페트,500,86,172
초이스웰 샘물 2L 페트,2000,238,119
아이시스 평화공원 산림수[500ml] 펫,500,86,172
아이시스 평화공원 산림수[2L] 펫,2000,257,128.5
아이시스 지리산 산정수[500ml] 펫,500,90,180
아이시스 지리산 산정수[2L] 펫,2000,275,137.5
아이시스 지리산 산정수[1L] 펫,1000,172,172
아이시스 8.0 샘물[500ml]펫,500,115,230
아이시스 8.0 샘물[2L]펫,2000,249,124.5
아이시스 8.0 샘물500ml펫,500,103,206
아이시스 8.0 샘물300ml펫,300,78,260
산수 지리산 샘물 500ml,500,99,198
산수 지리산 샘물 2.0L,2000,271,135.5
스파클 먹는샘물[330ml],330,69,209.0909091
스파클 먹는샘물[2L],2000,285,142.5
스파클 먹는샘물 PET [330ml],330,80,242.4242424
미네랄워터 [2L],2000,285,142.5
먹는샘물 18.9L,18900,788,41.69312169
먹는샘물 0.5L,500,105,210
e블루 [500ml],500,88,176
e블루 [500ml],500,80,160
e블루 [330ml],330,72,218.1818182
e블루 [2L],2000,280,140
e블루 [2.0L],2000,234,117
휘오 순수[2L],2000,251,125.5
휘오 순수[0.5L],500,94,188
강원 평창수 500ml,500,90,180
강원 평창수 2L,2000,247,123.5